date,total,failed,daily_fail_rate,rolling_7d_rate
2023-01-01,144,18,0.125,0.125
2023-01-02,132,15,0.11363636363636363,0.11931818181818182
2023-01-03,151,18,0.11920529801324503,0.1192805538832029
2023-01-04,166,29,0.1746987951807229,0.1331351142075829
2023-01-05,134,11,0.08208955223880597,0.12292600181382751
2023-01-06,143,17,0.11888111888111888,0.12225185465837607
2023-01-07,132,25,0.1893939393939394,0.13184358104917085
2023-01-08,146,24,0.1643835616438356,0.13746980414114734
2023-01-09,161,31,0.19254658385093168,0.1487426927432285
2023-01-10,162,26,0.16049382716049382,0.15464105404997833
2023-01-11,126,26,0.20634920634920634,0.15916254135976168
2023-01-12,126,14,0.1111111111111111,0.16330847834151954
2023-01-13,136,17,0.125,0.1641826042156454
2023-01-14,141,23,0.16312056737588654,0.16042926535592358
2023-01-15,130,21,0.16153846153846155,0.16002282248372726
2023-01-16,134,15,0.11194029850746269,0.14850763886323173
2023-01-17,133,24,0.18045112781954886,0.1513586818145253
2023-01-18,122,23,0.1885245901639344,0.14881230807377216
2023-01-19,134,21,0.15671641791044777,0.15532735190224883
2023-01-20,129,21,0.16279069767441862,0.16072602299859434
2023-01-21,122,18,0.14754098360655737,0.15850036817440444
2023-01-22,140,17,0.12142857142857143,0.1527703838729916
2023-01-23,135,21,0.15555555555555556,0.15900113487986203
2023-01-24,146,19,0.13013698630136986,0.151813400377265
2023-01-25,122,22,0.18032786885245902,0.15064244018991138
2023-01-26,125,19,0.152,0.14996866620270458
2023-01-27,156,26,0.16666666666666666,0.15052237605873997
2023-01-28,109,16,0.14678899082568808,0.15041494851861578
2023-01-29,127,29,0.2283464566929134,0.1656889321278075
2023-01-30,156,24,0.15384615384615385,0.16544473188360725
2023-01-31,149,19,0.12751677852348994,0.1650704164867673
2023-02-01,144,24,0.16666666666666666,0.16311881617451124
2023-02-02,152,18,0.11842105263157894,0.15832182369330822
2023-02-03,144,16,0.1111111111111111,0.15038531575680028
2023-02-04,153,22,0.1437908496732026,0.14995700987787378
2023-02-05,132,21,0.1590909090909091,0.1400633602204446
2023-02-06,136,19,0.13970588235294118,0.13804332143569994
2023-02-07,123,23,0.18699186991869918,0.14653976306358696
2023-02-08,143,25,0.17482517482517482,0.14770526422908814
2023-02-09,115,14,0.12173913043478261,0.14817927534383152
2023-02-10,132,23,0.17424242424242425,0.15719803436259053
2023-02-11,140,21,0.15,0.1580850558378473
2023-02-12,127,14,0.11023622047244094,0.15110581460663758
2023-02-13,141,21,0.14893617021276595,0.15242442715804108
2023-02-14,139,20,0.14388489208633093,0.14626628746770276
2023-02-15,130,17,0.13076923076923078,0.1399725811739965
2023-02-16,134,23,0.17164179104477612,0.14710153268970985
2023-02-17,115,20,0.17391304347826086,0.14705447829482934
2023-02-18,170,27,0.1588235294117647,0.14831498249651004
2023-02-19,129,22,0.17054263565891473,0.1569301846660063
2023-02-20,132,24,0.18181818181818182,0.16162761489535143
2023-02-21,133,14,0.10526315789473684,0.15611022429655225
2023-02-22,137,23,0.1678832116788321,0.16141222156935248
2023-02-23,133,26,0.19548872180451127,0.16481892596360034
2023-02-24,136,20,0.14705882352941177,0.16098260882805043
2023-02-25,140,19,0.1357142857142857,0.15768128829983916
2023-02-26,141,23,0.16312056737588654,0.15662099283083514
2023-02-27,138,17,0.12318840579710146,0.14824531054210938
2023-02-28,138,27,0.1956521739130435,0.1611580271161532
2023-03-01,106,16,0.1509433962264151,0.1587380534800936
2023-03-02,117,17,0.1452991452991453,0.15156811397932704
2023-03-03,131,17,0.1297709923664122,0.14909842381318425
2023-03-04,131,18,0.13740458015267176,0.1493398944472394
2023-03-05,142,24,0.16901408450704225,0.15018182546597594
2023-03-06,129,28,0.21705426356589147,0.16359123371866024
2023-03-07,136,27,0.19852941176470587,0.16400226769746915
2023-03-08,131,12,0.0916030534351145,0.15552507587014047
2023-03-09,145,19,0.1310344827586207,0.15348726693577983
2023-03-10,136,22,0.16176470588235295,0.15805779743805706
2023-03-11,130,20,0.15384615384615385,0.16040659367998306
2023-03-12,123,15,0.12195121951219512,0.15368332725214778
2023-03-13,137,20,0.145985401459854,0.143530632665571
2023-03-14,140,22,0.15714285714285714,0.1376182677195926
2023-03-15,137,27,0.19708029197080293,0.15268644465326237
2023-03-16,124,22,0.1774193548387097,0.15931285495041794
2023-03-17,142,27,0.19014084507042253,0.16336658912014218
2023-03-18,150,21,0.14,0.16138856714212022
2023-03-19,126,18,0.14285714285714285,0.1643751276199699
2023-03-20,136,24,0.17647058823529413,0.1687301543021756
2023-03-21,129,23,0.17829457364341086,0.171751828087969
2023-03-22,167,22,0.1317365269461078,0.16241700451301258
2023-03-23,144,22,0.1527777777777778,0.15889677921859371
2023-03-24,158,24,0.1518987341772152,0.1534336205195641
2023-03-25,129,22,0.17054263565891473,0.15779685418512335
2023-03-26,140,24,0.17142857142857143,0.16187848683818457
2023-03-27,138,25,0.18115942028985507,0.1625483199888361
2023-03-28,123,17,0.13821138211382114,0.1568221497703233
2023-03-29,145,22,0.15172413793103448,0.15967752276817
2023-03-30,134,16,0.11940298507462686,0.1549096952391484
2023-03-31,147,25,0.17006802721088435,0.15750530852967257
2023-04-01,146,24,0.1643835616438356,0.15662544081323268
2023-04-02,128,28,0.21875,0.16338564489486537
2023-04-03,149,31,0.2080536912751678,0.1672276836070529
2023-04-04,138,23,0.16666666666666666,0.1712927242574594
2023-04-05,115,15,0.13043478260869565,0.16825138778283955
2023-04-06,139,26,0.18705035971223022,0.1779152984453543
2023-04-07,126,21,0.16666666666666666,0.17742938979618036
2023-04-08,140,25,0.17857142857142858,0.17945622792869367
2023-04-09,141,18,0.1276595744680851,0.16644330999556295
2023-04-10,127,23,0.18110236220472442,0.16259312012835675
2023-04-11,140,16,0.11428571428571428,0.1551101269310778
2023-04-12,151,29,0.19205298013245034,0.16391272657732853
2023-04-13,141,24,0.1702127659574468,0.16150735604093086
2023-04-14,146,22,0.1506849315068493,0.15922425101809984
2023-04-15,149,25,0.16778523489932887,0.15768336620779988
2023-04-16,144,25,0.1736111111111111,0.16424787144251787
2023-04-17,139,26,0.18705035971223022,0.16509758537216154
2023-04-18,147,23,0.1564625850340136,0.1711228526219186
2023-04-19,151,20,0.13245033112582782,0.16260818847811542
2023-04-20,132,22,0.16666666666666666,0.1621016028651468
2023-04-21,134,23,0.17164179104477612,0.1650954399419935
2023-04-22,125,15,0.12,0.15826897781351792
2023-04-23,149,29,0.19463087248322147,0.16127180086667656
2023-04-24,137,18,0.13138686131386862,0.15331987252405346
2023-04-25,140,30,0.21428571428571427,0.1615803195600107
2023-04-26,128,27,0.2109375,0.172792772256321
2023-04-27,143,31,0.21678321678321677,0.17995227941582817
2023-04-28,143,18,0.1258741258741259,0.1734140415343067
2023-04-29,131,25,0.19083969465648856,0.1835339979138051
2023-04-30,128,22,0.171875,0.1802831589876306
2023-05-01,149,16,0.10738255033557047,0.17685397170501657
2023-05-02,136,19,0.13970588235294118,0.1661997100003347
2023-05-03,140,26,0.18571428571428572,0.1625963936738041
2023-05-04,161,25,0.15527950310559005,0.15381014886271455
2023-05-05,133,15,0.11278195488721804,0.1519398387217277
2023-05-06,135,21,0.15555555555555556,0.14689924742159444
2023-05-07,133,21,0.15789473684210525,0.14490206697046662
2023-05-08,117,17,0.1452991452991453,0.15031872339383442
2023-05-09,137,14,0.10218978102189781,0.14495928034654254
2023-05-10,150,29,0.19333333333333333,0.14604771572069217
2023-05-11,122,25,0.20491803278688525,0.1531389342465915
2023-05-12,136,25,0.18382352941176472,0.16328773060724103
2023-05-13,132,29,0.2196969696969697,0.1724507897703002
2023-05-14,133,15,0.11278195488721804,0.16600610663388773
2023-05-15,143,25,0.17482517482517482,0.17022411085189196
2023-05-16,116,16,0.13793103448275862,0.1753300042034435
2023-05-17,125,22,0.176,0.17285381372725303
2023-05-18,122,24,0.19672131147540983,0.17168285353989937
2023-05-19,146,25,0.17123287671232876,0.1698841888685514
2023-05-20,139,20,0.14388489208633093,0.15905389206703155
2023-05-21,142,22,0.15492957746478872,0.16507498100668452
2023-05-22,133,24,0.18045112781954886,0.1658786885773094
2023-05-23,155,19,0.12258064516129032,0.16368577581709962
2023-05-24,140,17,0.12142857142857143,0.1558898574497527
2023-05-25,154,37,0.24025974025974026,0.16210963299037132
2023-05-26,145,23,0.15862068965517243,0.16030789198220613
2023-05-27,147,13,0.08843537414965986,0.15238653227696744
2023-05-28,132,16,0.12121212121212122,0.14756975281230061
2023-05-29,123,21,0.17073170731707318,0.1461812641690898
2023-05-30,141,21,0.14893617021276595,0.14994633917644348
2023-05-31,157,18,0.11464968152866242,0.14897792633359933
2023-06-01,146,20,0.136986301369863,0.13422457792075973
2023-06-02,153,27,0.17647058823529413,0.13677456343220568
2023-06-03,146,33,0.22602739726027396,0.156430566733722
2023-06-04,127,19,0.14960629921259844,0.1604868778766473
2023-06-05,144,28,0.19444444444444445,0.16387441175198605
2023-06-06,132,24,0.18181818181818182,0.16857184198133116
2023-06-07,156,27,0.17307692307692307,0.17691859077393984
2023-06-08,119,14,0.11764705882352941,0.1741558418387493
2023-06-09,145,26,0.1793103448275862,0.17456152135193387
2023-06-10,148,26,0.17567567567567569,0.16736841826841986
2023-06-11,142,17,0.11971830985915492,0.16309870550364222
2023-06-12,123,14,0.11382113821138211,0.15158109032749048
2023-06-13,143,14,0.0979020979020979,0.13959307833947848
2023-06-14,117,12,0.10256410256410256,0.1295198182662184
2023-06-15,140,26,0.18571428571428572,0.13924370782204074
2023-06-16,121,15,0.12396694214876033,0.13133750743935133
2023-06-17,119,13,0.1092436974789916,0.12184722483982502
2023-06-18,156,26,0.16666666666666666,0.12855413295518384
2023-06-19,134,13,0.09701492537313433,0.12615324540686274
2023-06-20,133,23,0.17293233082706766,0.13687185011042982
2023-06-21,142,20,0.14084507042253522,0.14234055980449165
2023-06-22,125,21,0.168,0.1398099475595937
2023-06-23,123,24,0.1951219512195122,0.14997494885541537
2023-06-24,159,29,0.18238993710691823,0.1604244116594049
2023-06-25,108,15,0.1388888888888889,0.15645615769115093
2023-06-26,112,15,0.13392857142857142,0.1617295356990705
2023-06-27,145,27,0.18620689655172415,0.16362590223116433
2023-06-28,135,23,0.17037037037037037,0.16784380222371217
2023-06-29,134,24,0.1791044776119403,0.1694301561682751
2023-06-30,138,26,0.18840579710144928,0.16847070557998037
2023-07-01,146,25,0.17123287671232876,0.16687683980932475
2023-07-02,118,21,0.17796610169491525,0.17245929878161423
2023-07-03,142,25,0.176056338028169,0.1784775511529853
2023-07-04,153,24,0.1568627450980392,0.17428552951674456
2023-07-05,136,13,0.09558823529411764,0.16360236736299422
2023-07-06,151,27,0.17880794701986755,0.16356000584984096
2023-07-07,146,22,0.1506849315068493,0.1581713107648981
2023-07-08,142,16,0.11267605633802817,0.14980605071142658
2023-07-09,124,18,0.14516129032258066,0.14511964908680736
2023-07-10,161,24,0.14906832298136646,0.14126421836583555
2023-07-11,134,24,0.1791044776119403,0.14444160872496428
2023-07-12,148,20,0.13513513513513514,0.15009116584510965
2023-07-13,128,18,0.140625,0.1446364591279857
2023-07-14,164,20,0.12195121951219512,0.1405316431287494
2023-07-15,112,18,0.16071428571428573,0.14739424732535764
2023-07-16,121,18,0.1487603305785124,0.14790839593334787
2023-07-17,148,20,0.13513513513513514,0.1459179405267434
2023-07-18,151,25,0.16556291390728478,0.14398343142607833
2023-07-19,129,23,0.17829457364341086,0.15014906549868914
2023-07-20,120,16,0.13333333333333333,0.14910739883202245
2023-07-21,131,27,0.20610687022900764,0.16112963464870997
2023-07-22,142,21,0.14788732394366197,0.15929721153862086
2023-07-23,126,15,0.11904761904761904,0.15505253846277897
2023-07-24,127,14,0.11023622047244094,0.15149555065382267
2023-07-25,133,20,0.15037593984962405,0.1493259829312997
2023-07-26,127,18,0.14173228346456693,0.14410279862003628
2023-07-27,129,26,0.20155038759689922,0.15384809208625996
2023-07-28,147,24,0.16326530612244897,0.14772786864246587
2023-07-29,133,20,0.15037593984962405,0.14808338520046044
2023-07-30,125,21,0.168,0.15507658247937203
2023-07-31,136,14,0.10294117647058823,0.15403443333625022
2023-08-01,151,21,0.1390728476821192,0.1524197058837495
2023-08-02,134,28,0.208955223880597,0.16202298308603955
2023-08-03,139,24,0.17266187050359713,0.15789605207271065
2023-08-04,133,24,0.18045112781954886,0.16035116945801065
2023-08-05,124,25,0.20161290322580644,0.16767073565460813
2023-08-06,124,16,0.12903225806451613,0.1621039153781104
2023-08-07,135,22,0.16296296296296298,0.17067845630559253
2023-08-08,132,22,0.16666666666666666,0.17462043044624218
2023-08-09,122,20,0.16393442622950818,0.16818888792465805
2023-08-10,125,17,0.136,0.16295147785271563
2023-08-11,134,17,0.12686567164179105,0.1552964126844645
2023-08-12,134,23,0.17164179104477612,0.1510148252300316
2023-08-13,137,21,0.15328467153284672,0.1544794557255074
2023-08-14,139,23,0.16546762589928057,0.15483726471640988
2023-08-15,120,9,0.075,0.1417420266211718
2023-08-16,144,23,0.1597222222222222,0.14114028319155952
2023-08-17,135,14,0.1037037037037037,0.13652652657780293
2023-08-18,137,15,0.10948905109489052,0.13404415221396
2023-08-19,117,11,0.09401709401709402,0.12295490978143396
2023-08-20,145,17,0.11724137931034483,0.11780586803536228
2023-08-21,143,20,0.13986013986013987,0.11414765574405646
2023-08-22,125,19,0.152,0.12514765574405645
2023-08-23,144,17,0.11805555555555555,0.11919527479167549
2023-08-24,170,26,0.15294117647058825,0.126229199472659
2023-08-25,130,23,0.17692307692307693,0.13586263173382848
2023-08-26,139,27,0.19424460431654678,0.15018084749089317
2023-08-27,125,23,0.184,0.15971779330370106
2023-08-28,140,26,0.18571428571428572,0.16626838556857906
2023-08-29,139,24,0.17266187050359713,0.16922008135480718
2023-08-30,132,24,0.18181818181818182,0.1783290279637538
2023-08-31,124,24,0.1935483870967742,0.18413005805320895
2023-09-01,169,21,0.1242603550295858,0.1766068120684245
2023-09-02,134,28,0.208955223880597,0.1787083291490031
2023-09-03,137,31,0.22627737226277372,0.18474795375797076
2023-09-04,145,18,0.12413793103448276,0.17595133166085605
2023-09-05,128,23,0.1796875,0.17695499301748502
2023-09-06,144,29,0.2013888888888889,0.17975080831330034
2023-09-07,133,18,0.13533834586466165,0.17143508813728428
2023-09-08,141,19,0.1347517730496454,0.1729338621401499
2023-09-09,142,24,0.16901408450704225,0.16722798508678496
2023-09-10,140,25,0.17857142857142858,0.16041285027373564
2023-09-11,134,21,0.15671641791044777,0.16506691982744495
2023-09-12,144,17,0.11805555555555555,0.15626235633538146
2023-09-13,136,22,0.16176470588235295,0.15060175876301915
2023-09-14,126,18,0.14285714285714285,0.1516758726190879
2023-09-15,131,25,0.19083969465648856,0.15968843284863693
2023-09-16,146,19,0.13013698630136986,0.15413456167639802
2023-09-17,121,9,0.0743801652892562,0.13925009549323053
2023-09-18,129,16,0.12403100775193798,0.134580751184872
2023-09-19,136,21,0.15441176470588236,0.13977449534920441
2023-09-20,139,23,0.16546762589928057,0.1403034839230512
2023-09-21,127,20,0.15748031496062992,0.14239250850926363
2023-09-22,139,27,0.19424460431654678,0.14287892417498624
2023-09-23,136,25,0.18382352941176472,0.15054843033361406
2023-09-24,132,16,0.12121212121212122,0.15723870975116622
2023-09-25,126,16,0.12698412698412698,0.1576605839271932
2023-09-26,136,20,0.14705882352941177,0.15661016375912598
2023-09-27,140,25,0.17857142857142858,0.15848213556943286
2023-09-28,137,20,0.145985401459854,0.156840005069322
2023-09-29,134,16,0.11940298507462686,0.14614834517761915
2023-09-30,135,20,0.14814814814814814,0.14105186213995966
2023-10-01,111,16,0.14414414414414414,0.14432786541596293
2023-10-02,159,31,0.1949685534591195,0.1540399263409619
2023-10-03,133,21,0.15789473684210525,0.15558791395706092
2023-10-04,143,16,0.11188811188811189,0.14606172585944427
2023-10-05,133,31,0.23308270676691728,0.15850419804616758
2023-10-06,139,20,0.14388489208633093,0.16200161333355387
2023-10-07,117,15,0.1282051282051282,0.15915261048455104
2023-10-08,134,24,0.1791044776119403,0.16414694383709333
2023-10-09,137,26,0.1897810218978102,0.16340586789976344
2023-10-10,145,20,0.13793103448275862,0.16055391041985678
2023-10-11,140,20,0.14285714285714285,0.1649780577011469
2023-10-12,138,21,0.15217391304347827,0.1534196585977985
2023-10-13,151,15,0.09933774834437085,0.14705578092037563
2023-10-14,127,19,0.14960629921259844,0.15011309106429996
2023-10-15,135,20,0.14814814814814814,0.1456907582837582
2023-10-16,129,27,0.20930232558139536,0.14847951595284178
2023-10-17,153,23,0.1503267973856209,0.15025033922467926
2023-10-18,144,22,0.1527777777777778,0.15166757278476997
2023-10-19,113,28,0.24778761061946902,0.16532667243848292
2023-10-20,134,22,0.16417910447761194,0.17458972331466022
2023-10-21,142,24,0.16901408450704225,0.17736226407100933
2023-10-22,141,21,0.14893617021276595,0.17747483865166905
2023-10-23,128,31,0.2421875,0.1821727207114697
2023-10-24,134,19,0.1417910447761194,0.1809533274815409
2023-10-25,130,21,0.16153846153846155,0.18220485373306716
2023-10-26,115,20,0.17391304347826086,0.171651344141466
2023-10-27,113,15,0.13274336283185842,0.16716052390635833
2023-10-28,136,19,0.13970588235294118,0.1629736378843439
2023-10-29,149,28,0.18791946308724833,0.1685426797235557
2023-10-30,153,21,0.13725490196078433,0.1535523085750963
2023-10-31,127,28,0.2204724409448819,0.16479250802777662
2023-11-01,124,16,0.12903225806451613,0.16014876467435585
2023-11-02,149,30,0.20134228187919462,0.1640672273030607
2023-11-03,150,23,0.15333333333333332,0.16700865166041426
2023-11-04,149,27,0.18120805369127516,0.17293753328017628
2023-11-05,123,21,0.17073170731707318,0.17048213959872263
2023-11-06,123,16,0.13008130081300814,0.16945733943475463
2023-11-07,137,22,0.16058394160583941,0.1609018395291771
2023-11-08,144,21,0.14583333333333334,0.16330199313900814
2023-11-09,127,14,0.11023622047244094,0.15028684150947194
2023-11-10,150,25,0.16666666666666666,0.15219160341423385
2023-11-11,131,10,0.07633587786259542,0.13720986401013674
2023-11-12,144,20,0.1388888888888889,0.13266088994896755
2023-11-13,133,23,0.17293233082706766,0.13878246566526178
2023-11-14,135,24,0.17777777777777778,0.14123872797553866
2023-11-15,135,28,0.2074074074074074,0.15003502427183496
2023-11-16,145,22,0.15172413793103448,0.1559618696230626
2023-11-17,131,25,0.19083969465648856,0.1594151593358943
2023-11-18,142,16,0.11267605633802817,0.1646066134038133
2023-11-19,121,21,0.17355371900826447,0.1695587319922955
2023-11-20,128,18,0.140625,0.16494339901700011
2023-11-21,142,18,0.1267605633802817,0.15765522553164354
2023-11-22,115,16,0.1391304347826087,0.14790137229952943
2023-11-23,112,23,0.20535714285714285,0.15556323014611634
2023-11-24,154,27,0.17532467532467533,0.15334679881300017
2023-11-25,135,23,0.17037037037037037,0.16158884367476337
2023-11-26,117,19,0.1623931623931624,0.15999447844403444
2023-11-27,136,23,0.16911764705882354,0.16406485659529496
2023-11-28,113,15,0.13274336283185842,0.16491954223123453
2023-11-29,137,27,0.19708029197080293,0.1731980932581194
2023-11-30,156,29,0.1858974358974359,0.17041813512101842
2023-12-01,140,24,0.17142857142857143,0.16986154885014645
2023-12-02,135,20,0.14814814814814814,0.16668694567554326
2023-12-03,121,12,0.09917355371900827,0.15765557300780694
2023-12-04,126,17,0.1349206349206349,0.1527702855594943
2023-12-05,127,24,0.1889763779527559,0.16080357343390822
2023-12-06,146,24,0.1643835616438356,0.15613261195862718
2023-12-07,139,24,0.17266187050359713,0.1542418169023645
2023-12-08,131,28,0.21374045801526717,0.1602863721290353
2023-12-09,128,20,0.15625,0.16144377953644273
2023-12-10,140,26,0.18571428571428572,0.17380674125005374
2023-12-11,153,22,0.1437908496732026,0.17507391478613488
2023-12-12,128,19,0.1484375,0.16928264650716976
2023-12-13,131,15,0.11450381679389313,0.16215696867146367
2023-12-14,136,24,0.17647058823529413,0.16270107120456326
2023-12-15,131,21,0.16030534351145037,0.1550674834183037
2023-12-16,131,23,0.17557251908396945,0.1578278432874422
2023-12-17,130,23,0.17692307692307693,0.15657195631726953
2023-12-18,146,24,0.1643835616438356,0.15951377231307423
2023-12-19,138,15,0.10869565217391304,0.15383636548077612
2023-12-20,145,20,0.13793103448275862,0.15718311086489972
2023-12-21,124,20,0.16129032258064516,0.15501450148566415
2023-12-22,124,22,0.1774193548387097,0.1574593602467012
2023-12-23,133,20,0.15037593984962405,0.153859848927509
2023-12-24,116,23,0.19827586206896552,0.1569102468054931
2023-12-25,136,22,0.16176470588235295,0.1565361245538527
2023-12-26,146,29,0.19863013698630136,0.1693839080984796
2023-12-27,134,25,0.1865671641791045,0.17633192662652905
2023-12-28,137,22,0.16058394160583941,0.17623101505869965
2023-12-29,134,17,0.12686567164179105,0.16900906031628268
2023-12-30,132,16,0.12121212121212122,0.16484280051092512
2023-12-31,128,19,0.1484375,0.15772303450107292
2024-01-01,147,24,0.16326530612244897,0.1579374059639438
2024-01-02,138,21,0.15217391304347827,0.15130080254354047
2024-01-03,132,17,0.12878787878787878,0.14304661891622253
2024-01-04,141,20,0.14184397163120568,0.1403694803484177
2024-01-05,134,23,0.17164179104477612,0.14676606883455842
2024-01-06,137,16,0.11678832116788321,0.1461340973996673
2024-01-07,138,9,0.06521739130434782,0.13424551044314556
2024-01-08,144,17,0.11805555555555555,0.12778697464787506
2024-01-09,140,22,0.15714285714285714,0.1284968238049292
2024-01-10,116,14,0.1206896551724138,0.1273399347170056
2024-01-11,134,23,0.17164179104477612,0.1315967660618014
2024-01-12,145,19,0.1310344827586207,0.12579572202092207
2024-01-13,125,14,0.112,0.12511167613979587
2024-01-14,138,23,0.16666666666666666,0.1396044297629843
2024-01-15,144,13,0.09027777777777778,0.1356361757947303
2024-01-16,150,30,0.2,0.14175862477432216
2024-01-17,118,16,0.13559322033898305,0.14388770551240349
2024-01-18,124,18,0.14516129032258066,0.14010477683780412
2024-01-19,146,23,0.15753424657534246,0.1438904573830501
2024-01-20,140,16,0.11428571428571428,0.144216987995295
2024-01-21,124,13,0.10483870967741936,0.13538442271111678
2024-01-22,137,35,0.25547445255474455,0.15898394767925492
2024-01-23,127,21,0.16535433070866143,0.15403456635192084
2024-01-24,159,32,0.20125786163522014,0.1634152293942404
2024-01-25,135,20,0.14814814814814814,0.1638419233693215
2024-01-26,149,23,0.15436241610738255,0.16338880473104148
2024-01-27,135,27,0.2,0.17563370269022513
2024-01-28,135,15,0.1111111111111111,0.17652976003789542
2024-01-29,134,20,0.14925373134328357,0.161355371293401
2024-01-30,156,37,0.23717948717948717,0.17161610793209037
2024-01-31,126,12,0.09523809523809523,0.1564704270182154
2024-02-01,125,26,0.208,0.16502069156847995
2024-02-02,127,18,0.14173228346456693,0.16321638690522056
2024-02-03,144,22,0.1527777777777778,0.15647035515918883
2024-02-04,137,21,0.15328467153284672,0.16249514950515107
2024-02-05,145,24,0.16551724137931034,0.16481850808172632
2024-02-06,125,20,0.16,0.15379286705608528
2024-02-07,146,19,0.13013698630136986,0.15877842292226735
2024-02-08,113,19,0.168141592920354,0.15308436476803222
2024-02-09,145,23,0.15862068965517243,0.15549699422383303
2024-02-10,138,16,0.11594202898550725,0.1502347443963658
2024-02-11,132,22,0.16666666666666666,0.15214645798691148
2024-02-12,151,24,0.15894039735099338,0.15120690884000906
2024-02-13,133,25,0.18796992481203006,0.1552026123845848
2024-02-14,129,22,0.17054263565891473,0.16097484800709122
2024-02-15,126,25,0.1984126984126984,0.1652992916488547
2024-02-16,115,14,0.12173913043478261,0.16003049747451328
2024-02-17,163,24,0.147239263803681,0.16450153101996667
2024-02-18,128,24,0.1875,0.16747772149615717
2024-02-19,133,20,0.15037593984962405,0.1662542275673901
2024-02-20,130,26,0.2,0.1679728097371001
2024-02-21,142,25,0.176056338028169,0.16876048150413642
2024-02-22,131,21,0.16030534351145037,0.16331657366110103
2024-02-23,138,18,0.13043478260869565,0.16455880968594574
2024-02-24,140,18,0.12857142857142856,0.16189197608133823
2024-02-25,148,25,0.16891891891891891,0.15923753592689807
2024-02-26,153,19,0.12418300653594772,0.1554956883106586
2024-02-27,134,23,0.17164179104477612,0.15144451560276947
2024-02-28,139,22,0.15827338129496402,0.14890409321231163
2024-02-29,137,24,0.17518248175182483,0.15102939867522228
2024-03-01,149,20,0.1342281879194631,0.1515713137196176
2024-03-02,132,24,0.18181818181818182,0.15917799275486808
2024-03-03,132,29,0.2196969696969697,0.1664320000088753
2024-03-04,149,28,0.18791946308724833,0.17553720808763254
2024-03-05,154,28,0.18181818181818182,0.1769909781981191
2024-03-06,126,18,0.14285714285714285,0.17478865842128746
2024-03-07,113,17,0.1504424778761062,0.1712543721533277
2024-03-08,128,18,0.140625,0.17216820245054726
2024-03-09,133,18,0.13533834586466165,0.16552822588575866
2024-03-10,142,13,0.09154929577464789,0.14722141532542696
2024-03-11,128,22,0.171875,0.14492934917010578
2024-03-12,153,26,0.16993464052287582,0.14323170041363348
2024-03-13,133,24,0.18045112781954886,0.14860226969397722
2024-03-14,151,22,0.1456953642384106,0.14792411060287786
2024-03-15,145,25,0.1724137931034483,0.1524653667605133
2024-03-16,127,18,0.14173228346456693,0.1533787864176426
2024-03-17,159,34,0.2138364779874214,0.17084838387661025
2024-03-18,131,19,0.1450381679389313,0.167014550725029
2024-03-19,138,28,0.2028985507246377,0.17172368075385216
2024-03-20,138,15,0.10869565217391304,0.16147289851876132
2024-03-21,126,27,0.21428571428571427,0.1712715199540904
2024-03-22,130,22,0.16923076923076924,0.1708168022579934
2024-03-23,135,14,0.1037037037037037,0.16538414800644152
2024-03-24,129,19,0.14728682170542637,0.15587705425187082
2024-03-25,138,20,0.14492753623188406,0.15586124972229262
2024-03-26,138,18,0.13043478260869565,0.14550928284858664
2024-03-27,131,23,0.17557251908396945,0.15506312097859468
2024-03-28,135,23,0.17037037037037037,0.14878950041925984
2024-03-29,159,28,0.1761006289308176,0.14977090894783815
2024-03-30,124,21,0.1693548387096774,0.15914964252012015
2024-03-31,126,19,0.15079365079365079,0.15965061810415218
2024-04-01,117,14,0.11965811965811966,0.15604070145075727
2024-04-02,114,19,0.16666666666666666,0.16121668488761026
2024-04-03,131,17,0.1297709923664122,0.15467360964224497
2024-04-04,121,18,0.1487603305785124,0.15158646110055093
2024-04-05,138,23,0.16666666666666666,0.15023875220567226
2024-04-06,136,19,0.13970588235294118,0.14600318701185278
2024-04-07,137,21,0.15328467153284672,0.14635904711745223
2024-04-08,160,31,0.19375,0.15694360145200653
2024-04-09,138,24,0.17391304347826086,0.15797879813937715
2024-04-10,129,19,0.14728682170542637,0.16048105947352204
2024-04-11,135,23,0.17037037037037037,0.16356820801521604
2024-04-12,137,25,0.18248175182481752,0.16582750589495188
2024-04-13,129,26,0.20155038759689922,0.1746624352155173
2024-04-14,133,12,0.09022556390977443,0.16565399126936411
2024-04-15,126,15,0.11904761904761904,0.1549822225618811
2024-04-16,135,24,0.17777777777777778,0.15553432746181212
2024-04-17,150,26,0.17333333333333334,0.15925525769437024
2024-04-18,134,22,0.16417910447761194,0.1583707911382619
2024-04-19,133,22,0.16541353383458646,0.1559324742825146
2024-04-20,143,22,0.15384615384615385,0.14911758374669384
2024-04-21,122,14,0.11475409836065574,0.15262166009681974
2024-04-22,135,16,0.11851851851851852,0.15254607430694822
2024-04-23,156,28,0.1794871794871795,0.15279027455114846
2024-04-24,120,17,0.14166666666666666,0.14826646502733892
2024-04-25,142,18,0.1267605633802817,0.1429209591562918
2024-04-26,149,28,0.18791946308724833,0.14613609190667207
2024-04-27,153,16,0.10457516339869281,0.13909737898560617
2024-04-28,142,27,0.19014084507042253,0.14986691422985857
2024-04-29,157,34,0.21656050955414013,0.1638729129492331
2024-04-30,139,23,0.16546762589928057,0.16187011957953326
2024-05-01,134,16,0.11940298507462686,0.15868959363781326
2024-05-02,147,26,0.17687074829931973,0.1658481914833901
2024-05-03,135,30,0.2222222222222222,0.17074858564552928
2024-05-04,120,17,0.14166666666666666,0.17604737182666838
2024-05-05,144,17,0.11805555555555555,0.16574947332454454
2024-05-06,153,31,0.20261437908496732,0.16375716897180556
2024-05-07,136,25,0.18382352941176472,0.16637944090216045
2024-05-08,145,17,0.11724137931034483,0.16607064007869157
2024-05-09,145,27,0.18620689655172415,0.16740437554332077
2024-05-10,157,23,0.1464968152866242,0.15658646026680678
2024-05-11,127,18,0.14173228346456693,0.15659583409507824
2024-05-12,142,19,0.13380281690140844,0.15884544285877153
2024-05-13,130,15,0.11538461538461539,0.14638404804443553
2024-05-14,130,21,0.16153846153846155,0.14320046691967794
2024-05-15,161,25,0.15527950310559005,0.14863448460471296
2024-05-16,141,28,0.19858156028368795,0.1504022937092792
2024-05-17,140,24,0.17142857142857143,0.15396397315812882
2024-05-18,149,26,0.174496644295302,0.15864459613394813
2024-05-19,154,16,0.1038961038961039,0.15437220856176176
2024-05-20,150,27,0.18,0.16360297779253097
2024-05-21,132,20,0.15151515151515152,0.16217107636062952
2024-05-22,141,22,0.15602836879432624,0.16227805717330618
2024-05-23,144,17,0.11805555555555555,0.15077434221214436
2024-05-24,130,20,0.15384615384615385,0.148262568271799
2024-05-25,130,20,0.15384615384615385,0.145312498207635
2024-05-26,154,27,0.17532467532467533,0.15551657984028805
2024-05-27,144,24,0.16666666666666666,0.15361181793552614
2024-05-28,137,20,0.145985401459854,0.1528218536419122
2024-05-29,155,30,0.1935483870967742,0.15818185625654763
2024-05-30,150,17,0.11333333333333333,0.15750725308194444
2024-05-31,135,18,0.13333333333333333,0.15457685015154152
2024-06-01,135,20,0.14814814814814814,0.1537628493375407
2024-06-02,149,22,0.1476510067114094,0.14980946810707413
2024-06-03,150,23,0.15333333333333332,0.14790470620231225
2024-06-04,141,25,0.1773049645390071,0.1523789294993341
2024-06-05,133,21,0.15789473684210525,0.14728555089152426
2024-06-06,140,18,0.12857142857142856,0.14946242163982357
2024-06-07,149,18,0.12080536912751678,0.14767271246756408
2024-06-08,148,18,0.12162162162162163,0.14388320867806031
2024-06-09,147,17,0.11564625850340136,0.139311101791202
2024-06-10,113,14,0.12389380530973451,0.1351054549306879
2024-06-11,135,25,0.18518518518518517,0.13623120073728476
2024-06-12,141,27,0.19148936170212766,0.1410304328601451
2024-06-13,131,34,0.2595419847328244,0.15974051231177308
2024-06-14,119,25,0.21008403361344538,0.1724946072383343
2024-06-15,128,30,0.234375,0.18860223272095977
2024-06-16,123,23,0.18699186991869918,0.1987944629231452
2024-06-17,136,22,0.16176470588235295,0.2042045915763764
2024-06-18,125,20,0.16,0.20060670797849278
2024-06-19,142,26,0.18309859154929578,0.19940802652808823
2024-06-20,146,26,0.1780821917808219,0.18777091324923073
2024-06-21,136,17,0.125,0.17561605130445285
2024-06-22,148,24,0.16216216216216217,0.16529993161333315
2024-06-23,143,22,0.15384615384615385,0.16056482931725524
2024-06-24,135,19,0.14074074074074075,0.15756140572559635
2024-06-25,141,21,0.14893617021276595,0.15598085861313435
2024-06-26,144,25,0.1736111111111111,0.15462550426482227
2024-06-27,156,28,0.1794871794871795,0.15482621679430192
2024-06-28,109,16,0.14678899082568808,0.15793892976940022
2024-06-29,124,11,0.08870967741935484,0.14744571766328488
2024-06-30,150,21,0.14,0.1454676956852629
2024-07-01,149,25,0.16778523489932887,0.14933119485077545
2024-07-02,153,19,0.12418300653594772,0.14579502861123
2024-07-03,137,22,0.16058394160583941,0.1439340043961912
2024-07-04,155,21,0.13548387096774195,0.13764781746484298
2024-07-05,138,19,0.13768115942028986,0.13634669869264324
2024-07-06,158,29,0.18354430379746836,0.14989450246094518
2024-07-07,146,23,0.15753424657534246,0.15239939482885126
2024-07-08,149,18,0.12080536912751678,0.1456879854328781
2024-07-09,126,16,0.12698412698412698,0.1460881454969037
2024-07-10,140,19,0.1357142857142857,0.142535337512396
2024-07-11,126,23,0.18253968253968253,0.14925759630838753
2024-07-12,127,15,0.11811023622047244,0.146461750136985
2024-07-13,153,17,0.1111111111111111,0.13611415118179113
2024-07-14,110,21,0.19090909090909092,0.14088198608661234
2024-07-15,149,17,0.11409395973154363,0.13992321331575905
2024-07-16,118,15,0.1271186440677966,0.13994243004199755
2024-07-17,128,19,0.1484375,0.1417600320828139
2024-07-18,136,19,0.13970588235294118,0.13564091777042228
2024-07-19,142,20,0.14084507042253522,0.1388887512278598
2024-07-20,130,25,0.19230769230769232,0.1504882628273714
2024-07-21,137,17,0.12408759124087591,0.14094233430334072
2024-07-22,138,21,0.15217391304347827,0.14638232763361708
2024-07-23,137,17,0.12408759124087591,0.14594932008691414
2024-07-24,133,18,0.13533834586466165,0.14407801235329434
2024-07-25,144,22,0.1527777777777778,0.14594542598541388
2024-07-26,141,18,0.1276595744680851,0.14406178370620673
2024-07-27,135,17,0.1259259259259259,0.13457867422309724
2024-07-28,130,23,0.17692307692307693,0.14212660074912595
2024-07-29,140,13,0.09285714285714286,0.13365277643679233
2024-07-30,137,24,0.17518248175182483,0.14095204650978502
2024-07-31,128,17,0.1328125,0.14059121138626193
2024-08-01,138,22,0.15942028985507245,0.1415401416830183
2024-08-02,130,21,0.16153846153846155,0.14637998269307206
2024-08-03,135,30,0.2222222222222222,0.16013659644968584
2024-08-04,146,28,0.1917808219178082,0.16225913144893317
2024-08-05,141,25,0.1773049645390071,0.17432310597491377
2024-08-06,123,25,0.2032520325203252,0.17833304179898526
2024-08-07,139,18,0.12949640287769784,0.17785931363865637
2024-08-08,143,22,0.15384615384615385,0.17706300849452514
2024-08-09,137,22,0.16058394160583941,0.17692664850415055
2024-08-10,148,20,0.13513513513513514,0.16448563606313812
2024-08-11,126,23,0.18253968253968253,0.16316547329483444
2024-08-12,160,25,0.15625,0.16015762121783345
2024-08-13,153,28,0.1830065359477124,0.15726540742174588
2024-08-14,127,23,0.18110236220472442,0.16463768732560682
2024-08-15,150,26,0.17333333333333334,0.16742157010948963
2024-08-16,134,23,0.17164179104477612,0.16900126288648057
2024-08-17,144,22,0.1527777777777778,0.17152164040685808
2024-08-18,122,10,0.08196721311475409,0.15715414477472547
2024-08-19,146,17,0.11643835616438356,0.15146676708392312
2024-08-20,139,18,0.12949640287769784,0.14382246235963533
2024-08-21,144,25,0.1736111111111111,0.14275228363197628
2024-08-22,116,20,0.1724137931034483,0.14262092074199267
2024-08-23,140,29,0.20714285714285716,0.14769250161314712
2024-08-24,134,23,0.17164179104477612,0.15038736065128974
2024-08-25,120,21,0.175,0.16367775877775342
2024-08-26,148,30,0.20270270270270271,0.17600123685465618
2024-08-27,152,27,0.17763157894736842,0.18287769057889483
2024-08-28,132,23,0.17424242424242425,0.18296787816908244
2024-08-29,130,17,0.13076923076923078,0.17701865497847993
2024-08-30,147,18,0.12244897959183673,0.16491952961404843
2024-08-31,132,19,0.14393939393939395,0.16096204431327954
2024-09-01,148,16,0.10810810810810811,0.15140605975729501
2024-09-02,126,8,0.06349206349206349,0.13151882558434652
2024-09-03,131,16,0.12213740458015267,0.12359108638903
2024-09-04,123,11,0.08943089430894309,0.11147515354138983
2024-09-05,143,22,0.15384615384615385,0.11477185683809313
2024-09-06,148,22,0.14864864864864866,0.11851466670335198
2024-09-07,116,16,0.13793103448275862,0.11765632963811835
2024-09-08,151,21,0.1390728476821192,0.12207986386297709
2024-09-09,120,21,0.175,0.1380095690783966
2024-09-10,135,21,0.15555555555555556,0.14278359064631127
2024-09-11,151,32,0.2119205298013245,0.16028211000236575
2024-09-12,122,18,0.14754098360655737,0.15938137139670913
2024-09-13,140,18,0.12857142857142856,0.1565131970999634
2024-09-14,129,24,0.18604651162790697,0.16338683669212745
2024-09-15,128,21,0.1640625,0.16695678702325328
2024-09-16,143,26,0.18181818181818182,0.16793081299727924
2024-09-17,122,13,0.10655737704918032,0.1609310732106542
2024-09-18,138,18,0.13043478260869565,0.1492902521831358
2024-09-19,145,16,0.1103448275862069,0.14397651560880004
2024-09-20,135,22,0.16296296296296298,0.14888959195044782
2024-09-21,136,8,0.058823529411764705,0.13071488020528463
2024-09-22,140,29,0.20714285714285716,0.1368692169399785
2024-09-23,141,22,0.15602836879432624,0.13318495793657054
2024-09-24,144,20,0.1388888888888889,0.1378037453422432
2024-09-25,165,24,0.14545454545454545,0.13994942574879318
2024-09-26,123,16,0.13008130081300814,0.1427689219240505
2024-09-27,151,14,0.09271523178807947,0.13273353175621
2024-09-28,117,17,0.1452991452991453,0.14508719116869292
2024-09-29,121,13,0.10743801652892562,0.13084364250955988
2024-09-30,111,16,0.14414414414414414,0.12914589613096245
2024-10-01,140,25,0.17857142857142858,0.13481483037132524
2024-10-02,140,27,0.19285714285714287,0.14158663000026772
2024-10-03,134,17,0.12686567164179105,0.1411272544043796
2024-10-04,146,29,0.19863013698630136,0.1562579551469827
2024-10-05,135,21,0.15555555555555556,0.15772315661218417
2024-10-06,155,24,0.15483870967741936,0.16449468420482613
2024-10-07,121,17,0.14049586776859505,0.16397350186546197
2024-10-08,158,28,0.17721518987341772,0.16377975348003185
2024-10-09,140,19,0.1357142857142857,0.1556164881739094
2024-10-10,155,25,0.16129032258064516,0.16053429545088857
2024-10-11,142,22,0.15492957746478872,0.15429135837638674
2024-10-12,138,24,0.17391304347826086,0.15691385665105892
2024-10-13,128,22,0.171875,0.1593476124114276
2024-10-14,124,29,0.23387096774193547,0.1726869124076191
2024-10-15,133,20,0.15037593984962405,0.16885273383279142
2024-10-16,120,21,0.175,0.17446497873075062
2024-10-17,143,26,0.18181818181818182,0.1773975300503987
2024-10-18,136,18,0.1323529411764706,0.17417229629492467
2024-10-19,158,27,0.17088607594936708,0.17373987236222557
2024-10-20,146,25,0.17123287671232876,0.17364814046398683
2024-10-21,135,27,0.2,0.1688094307865675
2024-10-22,152,25,0.16447368421052633,0.17082339426669638
2024-10-23,130,21,0.16153846153846155,0.16890031734361943
2024-10-24,122,24,0.19672131147540983,0.17102933586608057
2024-10-25,133,24,0.18045112781954886,0.17790050538652033
2024-10-26,130,19,0.14615384615384616,0.17436732970144594
2024-10-27,141,22,0.15602836879432624,0.1721952571417313
2024-10-28,134,16,0.11940298507462686,0.16068139786667796
2024-10-29,147,27,0.1836734693877551,0.16342422432056783
2024-10-30,118,22,0.1864406779661017,0.16698168381023068
2024-10-31,137,22,0.16058394160583941,0.16181920240029204
2024-11-01,132,23,0.17424242424242425,0.16093224474641712
2024-11-02,120,16,0.13333333333333333,0.1591007429149153
2024-11-03,143,21,0.14685314685314685,0.15778999692331824
2024-11-04,144,23,0.1597222222222222,0.16354988794440328
2024-11-05,148,27,0.18243243243243243,0.16337259695078574
2024-11-06,163,23,0.1411042944785276,0.15689597073827516
2024-11-07,137,25,0.18248175182481752,0.1600242293409863
2024-11-08,142,27,0.19014084507042253,0.16229543231641466
2024-11-09,151,20,0.13245033112582782,0.16216928914391388
2024-11-10,141,17,0.12056737588652482,0.15841417900582497
2024-11-11,138,10,0.07246376811594203,0.14594868556207066
2024-11-12,127,18,0.14173228346456693,0.1401343785666613
2024-11-13,125,24,0.192,0.14740519364115737
2024-11-14,143,25,0.17482517482517482,0.14631139692692272
2024-11-15,127,16,0.12598425196850394,0.13714616934093435
2024-11-16,130,29,0.2230769230769231,0.15009282533394797
2024-11-17,134,18,0.13432835820895522,0.152058679951438
2024-11-18,155,18,0.11612903225806452,0.15829657482888407
2024-11-19,140,20,0.14285714285714285,0.15845726902782348
2024-11-20,130,14,0.1076923076923077,0.14641331298386742
2024-11-21,138,27,0.1956521739130435,0.1493885985678487
2024-11-22,123,19,0.15447154471544716,0.15345821181741198
2024-11-23,147,18,0.12244897959183673,0.13908279131954251
2024-11-24,150,28,0.18666666666666668,0.146559692527787
2024-11-25,127,19,0.14960629921259844,0.15134215923557756
2024-11-26,142,25,0.176056338028169,0.15608490140286704
2024-11-27,128,20,0.15625,0.1630217145896802
2024-11-28,136,27,0.19852941176470587,0.16343274856848913
2024-11-29,130,19,0.14615384615384616,0.16224450591683184
2024-11-30,137,25,0.18248175182481752,0.1708206162358291
2024-12-01,150,22,0.14666666666666667,0.1651063305215434
2024-12-02,165,28,0.1696969696969697,0.167976426305025
2024-12-03,151,22,0.1456953642384106,0.16363914433505952
2024-12-04,127,25,0.1968503937007874,0.16943920057802914
2024-12-05,150,27,0.18,0.16679214175449975
2024-12-06,115,20,0.17391304347826086,0.17075774137227323
2024-12-07,165,33,0.2,0.17326034825444217
2024-12-08,138,21,0.15217391304347827,0.17404709773684382
2024-12-09,134,23,0.17164179104477612,0.174324929357959
2024-12-10,147,19,0.1292517006802721,0.17197583456393925
2024-12-11,153,31,0.20261437908496732,0.17279926104739354
2024-12-12,163,25,0.15337423312883436,0.16899558006579843
2024-12-13,141,22,0.15602836879432624,0.16644062653952205
2024-12-14,164,32,0.1951219512195122,0.1657437624280238
2024-12-15,134,19,0.1417910447761194,0.16426049553268682
2024-12-16,137,16,0.11678832116788321,0.15642428555027355
2024-12-17,132,19,0.14393939393939395,0.1585225274444338
2024-12-18,129,17,0.13178294573643412,0.1484037512517862
2024-12-19,132,20,0.15151515151515152,0.14813816816411723
2024-12-20,138,19,0.13768115942028986,0.1455171382535406
2024-12-21,133,19,0.14285714285714285,0.1380507370589164
2024-12-22,134,36,0.26865671641791045,0.15617440443631514
2024-12-23,121,19,0.15702479338842976,0.16192247189639322
2024-12-24,120,22,0.18333333333333332,0.16755017752409884
2024-12-25,142,22,0.15492957746478872,0.1708568391995781
2024-12-26,131,28,0.21374045801526717,0.17974616869959462
2024-12-27,140,21,0.15,0.1815060030681246
2024-12-28,132,18,0.13636363636363635,0.18057835928333796
2024-12-29,151,37,0.24503311258278146,0.1772035587354624
2024-12-30,139,14,0.10071942446043165,0.16915993460289128
2024-12-31,126,14,0.1111111111111111,0.1588424742854309
